{"main":"retail-order-fulfilment-api-led-process.raml","name":"retail-order-fulfilment-api-led-process","classifier":"raml","tags":[],"dependencies":[{"groupId":"org.mule.templates","assetId":"retail-common","version":"1.0.2"},{"groupId":"org.mule.templates","assetId":"retail-fulfillment","version":"1.0.2"},{"groupId":"org.mule.templates","assetId":"retail-order-types","version":"1.0.2"},{"groupId":"org.mule.templates","assetId":"retail-product","version":"1.0.1"}],"groupId":"1bf2f389-637e-4607-9f5d-69b1a07005fd","assetId":"retail-order-fulfilment-api-led-process","version":"1.0.0","apiVersion":"v1.0","originalFormatVersion":"1.0"}