{"main":"retail_order_types.raml","name":"Retail Order Types","classifier":"raml-fragment","tags":["library"],"dependencies":[{"groupId":"org.mule.templates","assetId":"retail-common","version":"1.0.1"},{"groupId":"org.mule.templates","assetId":"retail-fulfillment","version":"1.0.2"},{"groupId":"org.mule.templates","assetId":"retail-product","version":"1.0.1"}],"groupId":"org.mule.templates","assetId":"retail-order-types","version":"1.0.2","backwardsCompatible":false,"metadata":{"projectId":"c27275c5-b7f2-4f2b-8fdb-b6a21efc63cb","branchId":"master","commitId":"a9fbcff9d1bf928578b018a892c058522423e3ff"}}