{"main":"retail_customer_types.raml","name":"Retail Customer Types","classifier":"raml-fragment","tags":["library"],"dependencies":[{"groupId":"org.mule.templates","assetId":"retail-payment","version":"1.0.2"},{"groupId":"org.mule.templates","assetId":"retail-common","version":"1.0.2"}],"groupId":"org.mule.templates","assetId":"retail-customer-types","version":"1.0.3","backwardsCompatible":false,"metadata":{"projectId":"b6f93805-70d6-44c0-9939-b12590d46256","branchId":"master","commitId":"3fe576e7bfe725a7aac5f1a780286b41d82ba245"}}